id,date,end_date,date_precision,title,place_name,district_at_time,district_current,region,lat,lng,geo_precision,category,tactic,target_type,victim_community,perpetrator_group,attribution,killed_civilians_min,killed_civilians_max,killed_sf_min,killed_sf_max,killed_terrorists_min,killed_terrorists_max,killed_total_min,killed_total_max,injured_min,injured_max,abducted,confidence,source_count,source_urls,summary
1947-pojk-displacement,1947-10,1948-12,month,Displacement of families from Pakistan-occupied areas,"Mirpur, Muzaffarabad, Bhimber, Kotli and other occupied areas",,Pakistan-occupied Jammu & Kashmir (PoJK),PoJK,33.1418,73.7674,region,exodus,displacement,civilians; minority_community,Hindu and Sikh,pakistan-army; tribal-lashkars-1947,state_actor,,,,,,,,,,,,confirmed,3,https://eparlib.sansad.in/bitstream/123456789/969431/1/AU1608.pdf | https://kashmirreader.com/2020/02/12/31619-displaced-families-from-pak-registered-after-1947-govt/ | https://www.pmindia.gov.in/en/news_updates/cabinet-approves-inclusion-of-5300-dp-families-of-jk-1947-who-initially-opted-to-move-outside-the-state-of-jk/,"The 1947 war displaced 31,619 families from areas that came under Pakistani occupation, according to the Union government. Of these, 26,319 families registered and settled in Jammu and Kashmir, and 5,300 moved to other parts of India. Many still await full rehabilitation."
1947-10-22-muzaffarabad-invasion,1947-10-22,1947-10-24,day,Invasion of Muzaffarabad and killings at Domel,Muzaffarabad and Domel,Muzaffarabad,Pakistan-occupied Jammu & Kashmir (PoJK),PoJK,34.37,73.4708,village,massacre,armed_assault,civilians; minority_community,Hindu and Sikh,pakistan-army; tribal-lashkars-1947,state_actor,,,,,,,,,,,,confirmed,4,https://ianslive.in/oct-22-1947-the-day-when-pakistan-betrayed-and-backstabbed-kashmiris--20231022150515 | https://www.dailypioneer.com/2020/columnists/a-sad-epoch-in-human-history.html | https://www.tribuneindia.com/news/archive/comment/the-day-paradise-was-lost-850006 | https://ianslive.in/pakistans-invasion-of-kashmir-in-october-1947-marked-beginning-of-terrorism-in-jk--20251021144145,"On 22 October 1947 tribal lashkars, armed, transported and led by Pakistan Army officers, crossed into Jammu and Kashmir and took Muzaffarabad within days. Hindu and Sikh residents and refugees were killed, their homes looted and burnt, and many women abducted. Men rounded up near Domel were shot and their bodies thrown into the river. India marks 22 October as a Black Day for the invasion."
1947-10-26-baramulla-massacre,1947-10-26,1947-11-08,day,Sack of Baramulla,"Baramulla, including St Joseph's Convent and hospital",Baramulla,Baramulla,Kashmir Valley,34.209,74.3428,village,massacre,armed_assault,civilians,"Hindu, Sikh, Christian and Muslim residents",pakistan-army; tribal-lashkars-1947,state_actor,,,,,,,3000,3000,,,,reported,3,https://www.businessworld.in/article/october-1947-the-raid-on-baramulla-333463 | https://www.tribuneindia.com/2008/20080113/spectrum/main1.htm | https://www.dailypioneer.com/2020/columnists/a-sad-epoch-in-human-history.html,"The lashkars reached Baramulla on 26 October 1947 and spent days looting the town instead of pressing on to Srinagar. Raiders stormed St Joseph's Convent and its hospital, killing nuns, staff and patients. Survivors estimated that about 3,000 townspeople were killed. The delay gave India time to fly troops into Srinagar."
1947-10-27-indian-army-airlift,1947-10-27,,day,Indian troops airlifted to Srinagar after accession,Srinagar airfield,Srinagar,Budgam,Kashmir Valley,34.0884,74.803,tehsil,war,conventional_war,military,,,not_applicable,,,,,,,,,,,,confirmed,3,https://www.tribuneindia.com/news/features/a-giant-leap-that-saved-srinagar-in-1947-10123 | https://www.tribuneindia.com/news/comment/how-srinagar-was-saved-from-pak-raiders-in-1947-444631/ | https://indiandefencereview.com/defence-of-srinagar-1947/,Maharaja Hari Singh signed the Instrument of Accession to India on 26 October 1947. From the morning of 27 October the Indian Army flew its first troops into Srinagar airfield to stop the advance of the invaders on the city. The airlift is regarded as the step that saved Srinagar.
1947-10-28-fall-of-bhimber,1947-10-28,,day,Fall of Bhimber,Bhimber,Mirpur,Pakistan-occupied Jammu & Kashmir (PoJK),PoJK,32.9757,74.0793,village,massacre,armed_assault,civilians; minority_community,Hindu and Sikh,pakistan-army; tribal-lashkars-1947,state_actor,,,,,,,,,,,,confirmed,2,https://www.dailyexcelsior.com/a-peep-into-bhimber/ | https://www.jammukashmirnow.com/Encyc/2023/10/30/Oct-1947-Jammu-and-Kashmir-The-Pakistani-Military-attack-disguised-as-a-Tribal-Invasion.html,"Bhimber fell to Pakistan-backed forces in the early hours of 28 October 1947, the first town in the south of the state to be captured. Accounts describe men being killed and women and children taken hostage. No reliable toll has been found."
1947-11-alibeg-camp,1947-11,1948-03,month,Killings of prisoners at Alibeg camp,"Alibeg gurdwara camp, near Mirpur",Mirpur,Pakistan-occupied Jammu & Kashmir (PoJK),PoJK,33.1418,73.7674,tehsil,massacre,mass_shooting,civilians; minority_community,Hindu and Sikh,pakistan-army,state_actor,,,,,,,3000,8000,,,,disputed,3,https://www.dailyexcelsior.com/death-of-mahatma-gandhi-and-alibeg-prisoners/ | https://kashmirlife.net/managing-1947-mayhem-issue-44-vol-09-164264/ | https://www.jammukashmirnow.com/Encyc/2025/7/26/chronicle-of-pakistans-persistent-hostility-indias-rise-from-defence-to-deterrent-dominance.html,"Hindu and Sikh survivors from Mirpur and nearby areas were held in a gurdwara at Alibeg that Pakistani forces turned into a prison camp. Many were killed and others died of disease and hunger. The Red Cross reached the camp in early 1948 and about 1,600 survivors were moved to India in March 1948."
1947-11-01-gilgit-coup,1947-11-01,,day,Gilgit Scouts revolt and seizure of Gilgit,Gilgit,Gilgit,Gilgit-Baltistan (Pakistan-occupied),PoJK,35.9187,74.3124,village,war,armed_assault,political; military,,gilgit-scouts-1947,not_applicable,,,,,,,,,,,,confirmed,2,https://www.dailyexcelsior.com/fall-of-gilgit/ | https://theprint.in/opinion/the-politics-military-tactics-geography-behind-how-pakistan-won-gilgit-baltistan-from-india/284288/,"On 1 November 1947 the Gilgit Scouts revolted, arrested the state's Governor and declared for Pakistan, which took over the area soon after. The revolt cut Gilgit off from the state and opened the way for attacks on Skardu and Ladakh."
1947-11-07-rajouri-massacre,1947-11-07,1947-11-12,day,Rajouri massacre,Rajouri town,,Rajouri,Jammu,33.3753,74.3092,village,massacre,mass_shooting,civilians; minority_community,Hindu and Sikh,pakistan-army; tribal-lashkars-1947,state_actor,,,,,,,3000,30000,,,,disputed,3,https://www.jammukashmirnow.com/Encyc/2023/11/12/12-November-1947-Rajouri-Massacre-when-thousands-of-Hindus-and-Sikhs-were-slaughtered-by-Pakistani-marauders.html | https://www.dailyexcelsior.com/rajouri-files-1947-the-unforgettable-massacre-johar/ | https://organiser.org/2017/11/14/119697/bharat/special-story-j-k-a-jauhar-in-rajouri-2/,"Pakistani troops and raiders captured Rajouri on 7 November 1947, when the town was crowded with Hindu and Sikh refugees from the west. Killings peaked around Diwali on 11 and 12 November, and many women took their own lives to avoid capture. The town remained under occupation until the Indian Army retook it on 12 to 13 April 1948."
1947-11-07-shalateng,1947-11-07,,day,Battle of Shalateng,"Shalateng, outskirts of Srinagar",Srinagar,Srinagar,Kashmir Valley,34.0884,74.803,tehsil,war,conventional_war,military,,pakistan-army; tribal-lashkars-1947,state_actor,,,,,,,,,,,,confirmed,2,https://indiandefencereview.com/defence-of-srinagar-1947/ | https://www.tribuneindia.com/news/comment/how-srinagar-was-saved-from-pak-raiders-in-1947-444631/,Indian troops routed the main body of the invaders at Shalateng on the edge of Srinagar on 7 November 1947. The victory ended the threat to the city and opened the way to retake Baramulla and Uri.
1947-11-poonch-siege,1947-11-22,1948-11-21,day,Siege of Poonch,Poonch town,Poonch,Poonch,Jammu,33.7697,74.0921,village,war,conventional_war,civilians; military,,pakistan-army; tribal-lashkars-1947,state_actor,,,,,,,,,,,,confirmed,3,https://indiandefencereview.com/brigadier-pritam-singh-the-saviour-of-poonch/ | https://www.tribuneindia.com/news/musings/how-poonch-withstood-the-siege-453656/ | https://www.dailyexcelsior.com/news/archive/saviours-poonch,"Poonch, crowded with refugees, was surrounded by Pakistani forces from late November 1947. Under Brigadier Pritam Singh the garrison and residents built an airstrip in about a week, and supplies came in by air from December 1947 despite shelling. The siege was broken in November 1948 when a relief force linked up with the garrison."
1947-11-25-mirpur-massacre,1947-11-25,,day,Mirpur massacre,Mirpur town,Mirpur,Pakistan-occupied Jammu & Kashmir (PoJK),PoJK,33.1418,73.7674,village,massacre,armed_assault,civilians; minority_community,Hindu and Sikh,pakistan-army; tribal-lashkars-1947,state_actor,,,,,,,18000,20000,,,,disputed,4,https://www.dailyexcelsior.com/ferocious-bloodbath-of-mirpur/ | https://www.dailyexcelsior.com/fall-of-mirpur/ | https://www.jammukashmirnow.com/Encyc/2023/11/24/25-November1947-Mirpur-massacre-A-day-that-stands-among-the-worst-in-history-when-20-000-Hindus-and-Sikhs-w.html | https://www.tribuneindia.com/news/comment/mirpur-refugees-jammus-bakshi-nagar-and-bus-stop-drama/,"Mirpur, home to some 25,000 to 30,000 Hindus and Sikhs including refugees, fell to Pakistani forces and raiders on 25 November 1947 after a night of shelling. Thousands were killed within a day and many women took their own lives. About 3,500 survivors were held at a camp at Alibeg, while others reached Jammu on foot."
1948-02-naushera,1948-02,,month,Battle of Naushera,Naushera,,Rajouri,Jammu,33.3111,74.402,district,war,conventional_war,military,,pakistan-army; tribal-lashkars-1947,state_actor,,,,,,,,,,,,confirmed,2,https://www.dailyexcelsior.com/the-lion-who-saved-nowshera/ | https://theprint.in/india/indian-army-celebrates-jhangar-day-to-commemorate-sacrifice-of-brigadier-usman/2678719/,In February 1948 the 50 Parachute Brigade under Brigadier Mohammad Usman beat back a major Pakistani assault on Naushera. The brigade later retook Jhangar.
1948-04-13-rajouri-recaptured,1948-04-13,,day,Indian Army retakes Rajouri,Rajouri town,,Rajouri,Jammu,33.3753,74.3092,village,war,conventional_war,military,,,not_applicable,,,,,,,,,,,,confirmed,2,https://www.dailyexcelsior.com/april-13-1948-when-rajouri-was-reclaimed/ | https://www.jammukashmirnow.com/Encyc/2022/4/12/12-April-1948-When-Rajouri-was-reclaimed-by-Indian-Army-Story-of-Story-of-Rajouri-Massacre.amp.html,Indian troops recaptured Rajouri on 12 to 13 April 1948 after five months of occupation. They found the town ruined and its Hindu and Sikh population largely killed or gone.
1948-07-03-brigadier-usman-killed,1948-07-03,,day,Brigadier Mohammad Usman killed at Jhangar,Jhangar,,Rajouri,Jammu,33.3111,74.402,district,war,artillery_shelling,military,,pakistan-army,state_actor,,,1,1,,,1,1,,,,confirmed,3,https://theprint.in/india/indian-army-celebrates-jhangar-day-to-commemorate-sacrifice-of-brigadier-usman/2678719/ | https://www.dailypioneer.com/2025/world/army-pays-tribute-to-brigadier-usman.html | https://www.dailyexcelsior.com/the-lion-who-saved-nowshera/,"Brigadier Mohammad Usman, who had held Naushera and retaken Jhangar, was killed by a Pakistani shell on 3 July 1948. He remains the highest-ranking Indian officer killed in battle, and the Army marks Jhangar Day in his memory."
1948-08-14-fall-of-skardu,1948-08-14,,day,Fall of Skardu and killing of the garrison,Skardu fort,,Gilgit-Baltistan (Pakistan-occupied),PoJK,35.2885,75.6333,village,massacre,armed_assault,military; civilians; minority_community,Hindu and Sikh refugees and soldiers,gilgit-scouts-1947; pakistan-army,state_actor,,,,,,,,,,,,confirmed,3,https://www.tribuneindia.com/news/archive/comment/spare-a-thought-for-those-defenders-of-skardu-121327/ | https://www.jammukashmirnow.com/Encyc/2020/2/14/BATTLE-OF-SKARDU-a-story-of-determination-courage-and-hope-Indo-Pak-war.html | https://theprint.in/opinion/the-politics-military-tactics-geography-behind-how-pakistan-won-gilgit-baltistan-from-india/284288/,"The 6th Jammu and Kashmir Infantry under Lt Col Sher Jung Thapa held Skardu fort for about six months against forces from Gilgit. Out of food and ammunition, the garrison surrendered on 14 August 1948. Soldiers and the refugees sheltering with them were then killed, and women in the garrison took their own lives. Thapa was taken prisoner."
1948-11-01-zoji-la,1948-11-01,,day,"Operation Bison, tanks at Zoji La",Zoji La pass,,Ganderbal,Kashmir Valley,34.28,75.47,tehsil,war,conventional_war,military,,,not_applicable,,,,,,,,,,,,confirmed,2,https://theprint.in/defence/zojila-battle-of-1948-when-indians-surprised-pakistan-with-tanks-at-11553-ft/314474/ | https://www.tribuneindia.com/news/j-k/when-tanks-drove-on-snow-at-zoji-la-to-secure-ladakh-from-pak-militia-558572,"On 1 November 1948 Indian light tanks crossed Zoji La at more than 11,500 feet and surprised the Pakistani-backed forces holding the pass. The attack reopened the road to Kargil and Ladakh."
1949-01-01-ceasefire,1949-01-01,,day,Ceasefire ends the first war,Jammu and Kashmir,,,Kashmir Valley,34.1583,74.9377,region,policy,policy_measure,none,,,not_applicable,,,,,,,,,,,,confirmed,2,https://peacekeeping.un.org/ar/mission/past/unipombackgr.html | https://kashmirlife.net/karachi-agreement-12109/,"A UN-brokered ceasefire took effect at midnight on 1 January 1949. Pakistan was left in occupation of Mirpur, Muzaffarabad, parts of Poonch and the Gilgit region. The ceasefire line was fixed by the Karachi Agreement of July 1949."
1965-08-05-operation-gibraltar,1965-08-05,1965-08-31,day,"Operation Gibraltar, Pakistani infiltration into Kashmir",Ceasefire line from Kargil to Mendhar,,,Kashmir Valley,34,74.8,region,infiltration,armed_assault,military; civilians,,pakistan-army,state_actor,,,,,,,,,,,,confirmed,3,https://www.dailyexcelsior.com/operation-gibraltar-that-failed-in-kashmir/ | https://www.tribuneindia.com/news/comment/how-india-foiled-op-gibraltar-in-1965/ | https://indiandefencereview.com/1965-war-the-valour-and-the-victory/,"From the night of 5 August 1965 Pakistan sent armed infiltrators, many of them soldiers dressed as locals, across the ceasefire line through routes in Gurez, Tithwal, Uri, Poonch, Rajouri and Kargil. The plan was to start an uprising in the Valley. Local people did not rise and often reported the infiltrators to the authorities, and the operation failed."
1965-08-28-haji-pir-captured,1965-08-28,,day,Indian paratroopers capture the Haji Pir pass,Haji Pir pass,,Pakistan-occupied Jammu & Kashmir (PoJK),PoJK,33.97,74.08,region,war,ground_raid,military,,,not_applicable,,,,,,,,,,,,confirmed,3,https://www.tribuneindia.com/news/comment/the-glorious-victory-at-hajipir-in-1965-132361/ | https://theprint.in/pageturner/excerpt/indias-original-surgical-strike-how-the-haji-pir-pass-was-captured-in-1965/128551/ | https://www.tribuneindia.com/news/archive/comment/return-of-haji-pir-still-haunts-us-287239/,"To cut the main infiltration route into the Valley, 1 Para under Major Ranjit Singh Dyal climbed about 4,000 feet overnight and took the Haji Pir pass on the morning of 28 August 1965. Dyal received the Maha Vir Chakra. The pass was handed back to Pakistan under the Tashkent Declaration of 1966."
1965-09-01-operation-grand-slam,1965-09-01,1965-09-05,day,"Operation Grand Slam, Pakistani armoured attack at Chhamb","Chhamb and Jaurian, Akhnoor sector",Jammu,Jammu,Jammu,32.8667,74.7333,tehsil,war,conventional_war,military,,pakistan-army,state_actor,,,,,,,,,,,,confirmed,2,https://indiandefencereview.com/1965-war-the-valour-and-the-victory/ | https://www.dailyexcelsior.com/an-over-view-of-the-indo-pak-war-of-1965/,"At 4 am on 1 September 1965 Pakistan attacked on the Chhamb and Akhnoor axis with an infantry division and Patton tanks, aiming to cut the road linking Jammu to the Valley. Chhamb fell on 2 September and Jaurian on 4 September. The advance was halted short of Akhnoor as India opened new fronts in Punjab."
1965-09-23-ceasefire,1965-09-23,,day,Ceasefire ends the 1965 war,Jammu and Kashmir and the Punjab front,,,Jammu,33,75,region,policy,policy_measure,none,,,not_applicable,,,,,,,,,,,,confirmed,3,https://theprint.in/opinion/little-lenin-shastri-worked-his-magic-to-keep-kashmir-issue-out-of-tashkent-declaration/799484/ | https://www.tribuneindia.com/news/india/india-pakistan-relations-a-history-of-agreements-and-treaties/ | https://www.dailyexcelsior.com/an-over-view-of-the-indo-pak-war-of-1965/,"A UN-backed ceasefire took effect on 23 September 1965. Under the Tashkent Declaration signed on 10 January 1966, both sides pulled back to positions held before 5 August 1965, which meant India returned the Haji Pir pass."
1971-01-30-ganga-hijacking,1971-01-30,,day,Hijacking of Indian Airlines flight Ganga to Lahore,"Srinagar to Jammu flight, taken to Lahore",Srinagar,Srinagar,Kashmir Valley,34.0884,74.803,tehsil,abduction,hijacking,civilians,,jk-nlf,claimed,,,,,,,0,0,,,,confirmed,3,https://theprint.in/theprint-explorer/how-1971-indian-airlines-hijacking-led-pakistan-to-add-false-flag-to-its-terror-denial-toolkit/2615585/ | https://www.tribuneindia.com/news/archive/nation/pilot-of-indian-airlines-flight-hijacked-to-pak-in-1971-passes-away-566661/ | https://kashmirlife.net/exiled-by-hijack-issue-30-vol-10-189851/,"On 30 January 1971 two members of the National Liberation Front, Hashim Qureshi and his cousin, hijacked the Indian Airlines Fokker Friendship Ganga soon after take-off from Srinagar and forced it to land at Lahore. Passengers and crew were sent back to India, but the aircraft was destroyed on the ground in Lahore. India responded by banning Pakistani flights over its territory, which hampered Pakistan later that year."
1971-12-turtuk-liberated,1971-12,,month,Turtuk and nearby villages retaken in Ladakh,"Turtuk, Chalunkha, Thang and Takshi, Nubra",Leh,Leh,Ladakh,34.85,76.83,tehsil,war,ground_raid,military,,,not_applicable,,,,,,,,,,,,confirmed,2,https://www.tribuneindia.com/news/features/maha-virs-of-nubra-kargil-243918 | https://theprint.in/india/statue-of-lion-of-ladakh-col-rinchen-comes-up-in-leh/1054916/,"In December 1971 troops led by Major Chewang Rinchen of the Ladakh Scouts advanced about 22 km through mountains in winter, without artillery support. They retook more than 800 sq km held by Pakistan since 1948, including the villages of Turtuk, Chalunkha, Thang and Takshi."
1971-12-03-battle-of-chhamb,1971-12-03,1971-12-10,day,"Battle of Chhamb, 1971",Chhamb sector,Jammu,Jammu,Jammu,32.8667,74.7333,tehsil,war,conventional_war,military,,pakistan-army,state_actor,,,,,,,,,,,,confirmed,2,https://www.tribuneindia.com/news/anniversary/first-day-of-1971-war/ | https://indiandefencereview.com/review-of-battle-of-chamb-1971/,"On the night of 3 to 4 December 1971 Pakistan attacked in the Chhamb sector with a strong force, alongside air strikes on Indian airfields that opened the war in the west. India lost Chhamb for the second time in six years."
1972-07-02-simla-agreement,1972-07-02,,day,Simla Agreement and the Line of Control,Simla,,,Outside J&K,33,75,region,policy,policy_measure,none,,,not_applicable,,,,,,,,,,,,confirmed,2,https://www.tribuneindia.com/news/india/india-pakistan-relations-a-history-of-agreements-and-treaties/ | https://theprint.in/india/timeline-of-indo-pak-armed-conflicts-since-1947/2617868/,"India and Pakistan signed the Simla Agreement on 2 July 1972 after the 1971 war. The ceasefire line at the end of the 1971 war became the Line of Control, and both sides agreed to settle differences bilaterally."
1984-02-ravindra-mhatre,1984-02,,month,Abduction and killing of diplomat Ravindra Mhatre in Birmingham,"Birmingham, United Kingdom",,,Outside J&K,52.48,-1.9,region,targeted_killing,kidnapping,political,,jklf,claimed,1,1,,,,,1,1,,,1,confirmed,2,https://theprint.in/past-forward/maqbool-bhat-kashmirs-first-radical-separatist-hanged-by-indira-after-diplomats-killing/363201/ | https://organiser.org/2023/08/10/189467/bharat/how-yasin-maliks-jklf-kidnapped-killed-diplomat-ravindra-mhatre-to-free-terrorist-maqbool-bhat/,"In February 1984 Indian diplomat Ravindra Mhatre was abducted in Birmingham by militants who demanded the release of JKLF founder Maqbool Bhat, and was then killed. Maqbool Bhat was hanged in Delhi soon after."
1984-04-13-operation-meghdoot,1984-04-13,,day,Operation Meghdoot secures the Siachen glacier,"Bilafond La and Sia La, Saltoro Ridge",Leh,Leh,Ladakh,35.39,76.97,region,war,ground_raid,military,,,not_applicable,,,,,,,,,,,,confirmed,3,https://indiandefencereview.com/siachen-day-operation-meghdoot-a-chronicle-of-unparalleled-courage/ | https://www.pib.gov.in/PressReleasePage.aspx?PRID=2017834&reg=48&lang=2 | https://theprint.in/past-forward/how-india-beat-pakistan-to-gain-control-of-worlds-highest-battlefield-34-years-ago/49222/,"On 13 April 1984, Baisakhi day, the Indian Army and Air Force began Operation Meghdoot and took the main passes of the Saltoro Ridge, Bilafond La and Sia La. The move pre-empted a Pakistani plan to occupy the heights, and India has held the Siachen glacier since."
1986-02-anantnag-riots,1986-02-20,1986-03,day,Anantnag riots against Kashmiri Pandits,"Wanpoh, Bijbehara, Akura and other villages of Anantnag",Anantnag,Anantnag,Kashmir Valley,33.7299,75.1517,district,riot,arson,civilians; minority_community,Kashmiri Pandit (Hindu),,unknown,,,,,,,,,,,,confirmed,2,https://organiser.org/2026/02/20/340670/bharat/anantnag-riots-1986-dress-rehearsal-for-the-genocide-in-kashmir/ | https://thewire.in/culture/to-die-while-dreaming-of-return,"From around 20 February 1986 mobs in Anantnag district attacked Kashmiri Pandit homes, shops and temples, starting at Wanpoh and spreading to Bijbehara and other villages. Temples were desecrated and burnt and houses looted. The riots are widely seen as an early warning of the 1990 exodus."
1987-06-26-operation-rajiv-quaid-post,1987-06-26,,day,"Operation Rajiv, capture of Quaid post on Siachen","Quaid post, renamed Bana Top",Leh,Leh,Ladakh,35.39,76.97,region,war,ground_raid,military,,pakistan-army,state_actor,,,,,,,,,,,,confirmed,2,https://theprint.in/defence/quaid-post-to-bana-top-how-the-indian-army-took-back-a-critical-post-in-siachen-35-years-ago/975690/ | https://www.tribuneindia.com/news/anniversary/naib-subedar-bana-singh-the-hero-of-siachen/,"In June 1987 a party of 8 JAK LI attacked Quaid post, a Pakistani position overlooking Indian posts on Siachen, after two nights of artillery fire on 25 and 26 June. Naib Subedar Bana Singh led the final assault and received the Param Vir Chakra, and the post was renamed Bana Top."
1988-07-31-srinagar-blasts,1988-07-31,,day,Bomb blasts at Srinagar Telegraph Office and Golf Course,"Central Telegraph Office and Golf Course, Srinagar",Srinagar,Srinagar,Kashmir Valley,34.0884,74.803,village,ied,ied,infrastructure,,jklf,claimed,,,,,,,,,,,,reported,1,https://kashmirlife.net/july-31-1988-when-first-blast-rocked-the-srinagar-city-38269/,"On 31 July 1988 JKLF militants set off two bombs in Srinagar, one at the Central Telegraph Office and one at the Golf Course. The blasts are usually taken as the start of the armed insurgency in the Valley."
1989-08-21-yusuf-halwai,1989-08-21,,day,Killing of National Conference leader Mohammad Yusuf Halwai,Downtown Srinagar,Srinagar,Srinagar,Kashmir Valley,34.0884,74.803,village,targeted_killing,targeted_shooting,political,,,unknown,1,1,0,0,0,0,1,1,,,,reported,1,https://theprint.in/india/which-kashmir-file-do-we-figure-in-ask-families-of-valleys-early-victims-of-terror/938266/,"Mohammad Yusuf Halwai, a National Conference leader, was shot dead in daylight in downtown Srinagar on 21 August 1989. He is often described as the first political victim of the militancy in the Valley."
1989-09-14-tika-lal-taploo,1989-09-14,,day,Killing of Tika Lal Taploo,Srinagar,Srinagar,Srinagar,Kashmir Valley,34.0884,74.803,village,targeted_killing,targeted_shooting,political; minority_community,Kashmiri Pandit (Hindu),jklf,suspected,1,1,0,0,0,0,1,1,,,,confirmed,3,https://theprint.in/india/how-killing-of-this-kashmiri-hindu-leader-led-to-exodus-of-pandits-from-valley/732572/ | https://www.dailyexcelsior.com/tribute-tika-lal-taploo/ | https://theprint.in/india/old-files-new-leads-how-jks-sia-is-probing-decades-old-unsolved-killings-of-kashmiri-pandits/3025597/,"Tika Lal Taploo, a High Court advocate and vice-president of the BJP in the state, was shot dead in Srinagar on 14 September 1989. He was the first prominent Kashmiri Pandit leader to be killed, and his death spread fear through the community. The JKLF was blamed but the case stayed unsolved for decades."
1989-11-04-neelkanth-ganjoo,1989-11-04,,day,Killing of retired judge Neelkanth Ganjoo,"Hari Singh High Street, near the High Court, Srinagar",Srinagar,Srinagar,Kashmir Valley,34.0884,74.803,village,targeted_killing,targeted_shooting,civilians; minority_community,Kashmiri Pandit (Hindu),jklf,suspected,1,1,0,0,0,0,1,1,,,,confirmed,3,https://organiser.org/2023/08/09/188945/bharat/kashmiri-hindu-genocide-indian-govt-reopens-case-after-30-years-sia-to-probe-brutal-murder-of-neelkanth-ganjoo/ | https://kashmirlife.net/jkps-sia-reopens-judge-neelkant-ganjoos-assassination-case-324678/ | https://theprint.in/india/j-k-bjp-kashmiri-pandits-welcome-reopening-of-retired-judge-neelkanth-ganjoo-murder-case/1706133/,"Neelkanth Ganjoo, the judge who had sentenced JKLF founder Maqbool Bhat to death, was shot dead near the High Court in Srinagar on 4 November 1989. Suspicion fell on the JKLF but no one was arrested. The State Investigation Agency reopened the case in 2023."
1989-12-08-rubaiya-sayeed-abduction,1989-12-08,1989-12-13,day,Abduction of Rubaiya Sayeed and release of five militants,Srinagar,Srinagar,Srinagar,Kashmir Valley,34.0884,74.803,village,abduction,kidnapping,political,,jklf,officially_attributed,,,,,,,0,0,,,1,confirmed,3,https://kashmirlife.net/a-consequential-kidnapping-issue-37-vol-12-254878/ | https://www.tribuneindia.com/news/j-k/rubaiya-sayeed-identifies-yasin-malik-in-court-412770/ | https://theprint.in/opinion/1989-rubaiya-sayeed-kidnapping-case-policy-kashmir/2797189/,"Rubaiya Sayeed, daughter of Union Home Minister Mufti Mohammad Sayeed, was abducted in Srinagar on 8 December 1989. She was freed on 13 December after the government released five jailed JKLF militants. The exchange is widely seen as having emboldened armed groups. She later identified JKLF chief Yasin Malik in court as one of her abductors."
1989-12-27-prem-nath-bhat,1989-12-27,,day,Killing of advocate Prem Nath Bhat,"Khah Bazar, Anantnag",Anantnag,Anantnag,Kashmir Valley,33.7299,75.1517,village,targeted_killing,targeted_shooting,civilians; minority_community,Kashmiri Pandit (Hindu),,unknown,1,1,0,0,0,0,1,1,,,,confirmed,2,https://www.dailyexcelsior.com/remembering-prem-nath-bhat/ | http://www.tribuneindia.com/news/jammu-kashmir/tributes-paid-to-prem-nath-bhat/519782.html,Advocate Prem Nath Bhat was shot dead by militants at Khah Bazar in Anantnag on 27 December 1989. His killing came days before the mass flight of Kashmiri Pandits from the Valley in January 1990.
